"Season_End_Year","Squad","Comp","Player","Nation","Pos","Age","Born","Mins_Per_90","GA_Goals","PKA_Goals","FK_Goals","CK_Goals","OG_Goals","PSxG_Expected","PSxG_per_SoT_Expected","PSxG+_per__minus__Expected","_per_90_Expected","Cmp_Launched","Att_Launched","Cmp_percent_Launched","Att (GK)_Passes","Thr_Passes","Launch_percent_Passes","AvgLen_Passes","Att_Goal","Launch_percent_Goal","AvgLen_Goal","Opp_Crosses","Stp_Crosses","Stp_percent_Crosses","#OPA_Sweeper","#OPA_per_90_Sweeper","AvgDist_Sweeper","Url"
2024,"Alavés","La Liga","Jesús Owono","EQG","GK","22",2001,4,8,0,0,1,0,6.4,0.27,-1.6,-0.4,36,77,46.8,88,9,54.5,41.7,31,93.5,66.8,29,4,13.8,8,2,15.2,"https://fbref.com/en/players/d6e3d7fb/Jesus-Owono"
2024,"Alavés","La Liga","Antonio Sivera","ESP","GK","26",1996,34,38,8,0,3,2,38.4,0.25,2.4,0.07,279,701,39.8,807,116,62.3,44.6,295,67.1,47.8,501,25,5,29,0.85,13.1,"https://fbref.com/en/players/9970da54/Antonio-Sivera"
2024,"Almería","La Liga","Fernando","ESP","GK","33",1990,4,10,0,0,1,0,8.5,0.37,-1.5,-0.36,22,67,32.8,133,28,39.8,35.6,26,53.8,44,72,4,5.6,7,1.75,14.5,"https://fbref.com/en/players/dabb2827/Fernando"
2024,"Almería","La Liga","Diego Mariño","ESP","GK","33",1990,1,2,2,0,0,0,2.1,0.02,0.1,0.05,1,5,20,25,6,20,24.1,2,0,16.5,6,0,0,2,2,22.7,"https://fbref.com/en/players/d9235a45/Diego-Marino"
2024,"Almería","La Liga","Luís Maximiano","POR","GK","24",1999,33,63,4,0,7,0,59.7,0.32,-3.3,-0.1,158,543,29.1,995,146,38.4,35.5,264,61,46.3,551,25,4.5,38,1.15,14.5,"https://fbref.com/en/players/3318286e/Luis-Maximiano"
2024,"Arsenal","Premier League","Aaron Ramsdale","ENG","GK","25",1998,6,5,0,0,1,0,3.7,0.26,-1.3,-0.22,19,69,27.5,169,30,34.9,33.3,19,52.6,41.4,46,8,17.4,9,1.5,14.6,"https://fbref.com/en/players/466fb2c5/Aaron-Ramsdale"
2024,"Arsenal","Premier League","David Raya","ESP","GK","27",1995,32,24,2,1,5,1,20.4,0.26,-2.6,-0.08,138,372,37.1,969,159,32.2,30.7,96,62.5,47.5,329,40,12.2,50,1.56,17.9,"https://fbref.com/en/players/98ea5115/David-Raya"
2024,"Aston Villa","Premier League","Emiliano Martínez","ARG","GK","30",1992,33.5,48,1,0,10,4,50.8,0.37,6.8,0.2,121,332,36.4,1270,157,21,27.7,159,40.9,36.1,373,45,12.1,69,2.06,17.5,"https://fbref.com/en/players/7956236f/Emiliano-Martinez"
2024,"Aston Villa","Premier League","Robin Olsen","SWE","GK","33",1990,4.5,13,0,1,0,0,11.1,0.3,-1.9,-0.43,15,48,31.3,176,19,20.5,27.1,27,44.4,35.9,46,6,13,1,0.22,8.4,"https://fbref.com/en/players/e7ee38c3/Robin-Olsen"
2024,"Atalanta","Serie A","Marco Carnesecchi","ITA","GK","23",2000,26.9,30,4,0,2,0,29.3,0.22,-0.7,-0.03,121,338,35.8,680,142,30.6,33.8,193,67.4,51.7,332,20,6,39,1.45,14.7,"https://fbref.com/en/players/8ec56e62/Marco-Carnesecchi"
2024,"Atalanta","Serie A","Juan Musso","ARG","GK","29",1994,11,12,2,0,2,1,9.8,0.23,-1.2,-0.11,40,120,33.3,299,70,24.4,29.6,70,67.1,48.6,110,10,9.1,16,1.45,16.7,"https://fbref.com/en/players/a111cf41/Juan-Musso"
2024,"Atalanta","Serie A","Francesco Rossi","ITA","GK","32",1991,0.1,0,0,0,0,0,0.8,0.75,0.8,13.52,0,1,0,1,1,0,14,1,100,67,2,0,0,0,0,NA,"https://fbref.com/en/players/7b5f516f/Francesco-Rossi"
2024,"Athletic Club","La Liga","Julen Agirrezabala","ESP","GK","22",2000,2.6,4,0,0,0,0,2.4,0.2,-1.6,-0.61,18,49,36.7,78,20,35.9,32.4,22,95.5,64.5,41,2,4.9,3,1.13,15.3,"https://fbref.com/en/players/a2c1a8d3/Julen-Agirrezabala"
2024,"Athletic Club","La Liga","Unai Simón","ESP","GK","26",1997,35.4,33,1,0,2,4,38,0.28,9,0.26,220,679,32.4,982,144,48.5,38.7,240,84.6,60.9,450,31,6.9,46,1.3,16.3,"https://fbref.com/en/players/5dcf3e90/Unai-Simon"
2024,"Atlético Madrid","La Liga","Jan Oblak","SVN","GK","30",1993,38,43,1,0,3,0,39.8,0.28,-3.2,-0.08,114,336,33.9,740,180,27.6,31.5,283,46.6,38.7,579,36,6.2,22,0.58,11.8,"https://fbref.com/en/players/ee8508c0/Jan-Oblak"
2024,"Augsburg","Bundesliga","Finn Dahmen","GER","GK","25",1998,31,52,7,0,10,2,49.3,0.26,-0.7,-0.02,169,450,37.6,1151,92,30.8,32.4,187,51.3,44.3,484,28,5.8,50,1.61,15,"https://fbref.com/en/players/dee3013b/Finn-Dahmen"
2024,"Augsburg","Bundesliga","Tomáš Koubek","CZE","GK","30",1992,3,8,0,0,2,0,6.7,0.29,-1.3,-0.43,16,40,40,74,6,36.5,34.5,24,54.2,46.5,36,2,5.6,2,0.67,11.6,"https://fbref.com/en/players/dc366c36/Tomas-Koubek"
2024,"Barcelona","La Liga","Iñaki Peña","ESP","GK","24",1999,10,17,0,0,0,0,13.9,0.36,-3.1,-0.31,21,49,42.9,249,46,13.3,23.7,48,33.3,35.5,116,2,1.7,5,0.5,10.6,"https://fbref.com/en/players/cc1c5035/Inaki-Pena"
2024,"Barcelona","La Liga","Marc-André ter Stegen","GER","GK","31",1992,28,27,2,0,1,0,27.7,0.25,0.7,0.03,92,167,55.1,871,115,14.4,26.3,163,25.8,30.9,334,13,3.9,31,1.11,15.6,"https://fbref.com/en/players/6f51e382/Marc-Andre-ter-Stegen"
2024,"Bayern Munich","Bundesliga","Manuel Neuer","GER","GK","37",1986,22.8,33,2,1,1,0,29.1,0.29,-3.9,-0.17,73,159,45.9,779,110,18.6,27.7,97,14.4,26,231,9,3.9,32,1.4,17.5,"https://fbref.com/en/players/8778c910/Manuel-Neuer"
2024,"Bayern Munich","Bundesliga","Daniel Peretz","ISR","GK","23",2000,0.2,0,0,0,0,0,0,NA,0,0,0,4,0,15,3,26.7,33.1,2,0,16.5,2,0,0,0,0,NA,"https://fbref.com/en/players/3f29b3ba/Daniel-Peretz"
2024,"Bayern Munich","Bundesliga","Sven Ulreich","GER","GK","34",1988,11,12,1,1,2,0,11.8,0.35,-0.2,-0.01,26,79,32.9,348,57,20.4,26.2,47,17,26.4,108,5,4.6,16,1.45,19.9,"https://fbref.com/en/players/7d3e7da6/Sven-Ulreich"
2024,"Betis","La Liga","Claudio Bravo","CHI","GK","40",1983,7,5,0,0,0,1,5.5,0.27,1.5,0.21,38,80,47.5,169,30,30.2,30.6,60,48.3,40.1,101,4,4,6,0.86,12.6,"https://fbref.com/en/players/10072610/Claudio-Bravo"
2024,"Betis","La Liga","Rui Silva","POR","GK","29",1994,27.5,36,7,2,3,2,37.5,0.26,3.5,0.13,129,380,33.9,772,119,36,33.5,183,55.7,43,375,31,8.3,34,1.24,14.9,"https://fbref.com/en/players/ea83bfa6/Rui-Silva"
2024,"Betis","La Liga","Fran Vieites","ESP","GK","24",1999,3.5,4,0,1,0,0,4.5,0.25,0.5,0.15,13,50,26,82,18,37.8,36.5,35,54.3,46.4,65,3,4.6,2,0.57,10.5,"https://fbref.com/en/players/2ae958ab/Fran-Vieites"
2024,"Bochum","Bundesliga","Andreas Luthe","GER","GK","36",1987,1,4,0,0,0,1,2.7,0.68,-0.3,-0.3,20,43,46.5,42,2,85.7,51.3,7,100,61.1,13,0,0,0,0,7.7,"https://fbref.com/en/players/7fe12375/Andreas-Luthe"
2024,"Bochum","Bundesliga","Manuel Riemann","GER","GK","34",1988,33,70,9,0,9,3,59.6,0.27,-7.4,-0.22,430,1041,41.3,1498,89,61,42.5,208,61.1,46.9,510,35,6.9,104,3.15,19.8,"https://fbref.com/en/players/9f941969/Manuel-Riemann"
2024,"Bologna","Serie A","Nicola Bagnolini","ITA","GK","19",2004,0.1,0,0,0,0,0,0,0.02,0,0.36,1,2,50,1,0,100,47,2,50,53,0,0,NA,0,0,NA,"https://fbref.com/en/players/ad263695/Nicola-Bagnolini"
2024,"Bologna","Serie A","Federico Ravaglia","ITA","GK","23",1999,5.9,3,0,1,0,0,5.5,0.25,2.5,0.43,14,49,28.6,172,23,18,25.4,34,52.9,41,73,1,1.4,4,0.67,17.1,"https://fbref.com/en/players/6662d731/Federico-Ravaglia"
2024,"Bologna","Serie A","Łukasz Skorupski","POL","GK","32",1991,32,29,3,1,3,1,26.6,0.23,-1.4,-0.05,103,297,34.7,829,136,26.3,29.6,188,42,38.7,432,12,2.8,15,0.47,12.2,"https://fbref.com/en/players/ab4449d6/Lukasz-Skorupski"
2024,"Bournemouth","Premier League","Neto","BRA","GK","34",1989,32,55,5,1,3,1,55.2,0.31,1.2,0.04,172,494,34.8,833,154,44.1,36.9,223,57,44.2,413,26,6.3,34,1.06,13.7,"https://fbref.com/en/players/a9dc785c/Neto"
2024,"Bournemouth","Premier League","Ionuț Radu","ROU","GK","26",1997,2,7,0,0,3,0,2.9,0.27,-4.1,-2.04,5,15,33.3,57,10,19.3,26.9,11,36.4,29.2,19,2,10.5,0,0,9.6,"https://fbref.com/en/players/67f649be/Ionut-Radu"
2024,"Bournemouth","Premier League","Mark Travers","IRL","GK","24",1999,4,5,1,0,0,0,5,0.23,0,0.01,22,72,30.6,92,13,55.4,41.7,26,80.8,55.6,60,3,5,3,0.75,14.8,"https://fbref.com/en/players/fe558029/Mark-Travers"
2024,"Brentford","Premier League","Mark Flekken","NED","GK","30",1993,36.5,63,2,0,6,0,55.4,0.31,-7.6,-0.21,242,647,37.4,1288,131,36.6,34.5,289,60.9,46.7,568,44,7.7,37,1.01,12.6,"https://fbref.com/en/players/a92ab7be/Mark-Flekken"
2024,"Brentford","Premier League","Thomas Strakosha","ALB","GK","28",1995,1.5,2,0,0,0,0,1.5,0.2,-0.5,-0.3,12,30,40,56,5,41.1,35.8,15,46.7,39.9,37,2,5.4,1,0.67,10,"https://fbref.com/en/players/339fe0e8/Thomas-Strakosha"
2024,"Brest","Ligue 1","Marco Bizot","NED","GK","32",1991,32,34,2,0,4,0,36.2,0.27,2.2,0.07,232,482,48.1,908,134,39.3,35.1,188,66.5,47.3,382,18,4.7,41,1.28,15.7,"https://fbref.com/en/players/3d214e5f/Marco-Bizot"
2024,"Brest","Ligue 1","Grégoire Coudert","FRA","GK","24",1999,2,0,0,0,0,0,0.3,0.07,0.3,0.13,12,36,33.3,70,10,41.4,37.2,10,70,55.4,24,0,0,2,0.99,23,"https://fbref.com/en/players/ca95200f/Gregoire-Coudert"
2024,"Brighton","Premier League","Jason Steele","ENG","GK","32",1990,17,34,3,1,5,2,25.7,0.32,-6.3,-0.37,47,132,35.6,617,69,20.1,26.6,54,14.8,18.8,173,7,4,41,2.41,20.6,"https://fbref.com/en/players/28300a16/Jason-Steele"
2024,"Brighton","Premier League","Bart Verbruggen","NED","GK","20",2002,21,28,3,0,3,0,25.4,0.25,-2.6,-0.12,55,142,38.7,789,117,17.1,24.4,72,9.7,15.7,232,17,7.3,31,1.48,15.8,"https://fbref.com/en/players/cf134113/Bart-Verbruggen"
2024,"Burnley","Premier League","Arijanet Muric","KVX","GK","24",1998,10,16,1,0,1,1,21.7,0.26,6.7,0.67,77,219,35.2,547,54,36.4,34.3,33,60.6,45.1,143,20,14,31,3.1,17.2,"https://fbref.com/en/players/99aa1a84/Arijanet-Muric"
2024,"Burnley","Premier League","James Trafford","ENG","GK","20",2002,28,62,5,0,10,2,54.1,0.3,-5.9,-0.21,138,606,22.8,1332,162,33.9,31.3,198,78.3,54.2,419,30,7.2,43,1.54,15,"https://fbref.com/en/players/259fea27/James-Trafford"
2024,"Cagliari","Serie A","Simone Aresti","ITA","GK","37",1986,0,1,1,0,0,0,1,0,0,-1.21,0,1,0,1,0,100,64,0,NA,NA,3,0,0,0,0,NA,"https://fbref.com/en/players/a9eaccda/Simone-Aresti"
2024,"Cagliari","Serie A","Boris Radunović","SRB","GK","27",1996,7,12,0,0,1,1,10.1,0.38,-0.9,-0.13,41,91,45.1,156,31,35.9,37,66,53,43.8,98,6,6.1,4,0.57,11.2,"https://fbref.com/en/players/0dfce079/Boris-Radunovic"
2024,"Cagliari","Serie A","Simone Scuffet","ITA","GK","27",1996,31,55,3,3,9,2,45.1,0.33,-7.9,-0.25,161,452,35.6,684,106,43.3,37.1,243,64.2,46.9,482,22,4.6,20,0.65,12.1,"https://fbref.com/en/players/41bd99ea/Simone-Scuffet"
2024,"Celta Vigo","La Liga","Vicente Guaita","ESP","GK","36",1987,26.7,39,4,0,5,2,39.7,0.31,2.7,0.1,137,356,38.5,589,134,39.4,35.5,213,58.2,45.3,420,23,5.5,27,1.01,13.3,"https://fbref.com/en/players/ab13a5aa/Vicente-Guaita"
2024,"Celta Vigo","La Liga","Iván Villar","ESP","GK","26",1997,11.3,18,2,0,2,1,16.3,0.31,-0.7,-0.07,39,138,28.3,223,48,35.4,34.4,98,60.2,45.7,136,5,3.7,9,0.8,13.2,"https://fbref.com/en/players/cde52ef5/Ivan-Villar"
2024,"Chelsea","Premier League","Đorđe Petrović","SRB","GK","23",1999,22.1,38,1,0,5,3,28.3,0.26,-6.7,-0.3,67,214,31.3,655,97,22.1,27.8,149,46.3,37.8,312,20,6.4,20,0.91,12.7,"https://fbref.com/en/players/0cf321c8/Djordje-Petrovic"
2024,"Chelsea","Premier League","Robert Sánchez","ESP","GK","25",1997,15.9,25,2,0,3,0,24.2,0.28,-0.8,-0.05,61,147,41.5,516,87,21.3,28.1,91,40.7,33.7,202,19,9.4,27,1.7,15.8,"https://fbref.com/en/players/6a713852/Robert-Sanchez"
2024,"Clermont Foot","Ligue 1","Mory Diaw","SEN","GK","30",1993,30,54,6,0,5,1,57.1,0.28,4.1,0.14,206,558,36.9,1065,129,42.8,36.7,176,58,44.5,439,39,8.9,46,1.53,14.4,"https://fbref.com/en/players/f41a69e6/Mory-Diaw"
2024,"Clermont Foot","Ligue 1","Massamba Ndiaye","SEN","GK","21",2001,4,6,1,0,1,0,7.8,0.29,1.8,0.45,20,55,36.4,148,28,29.7,30.9,24,45.8,35.1,75,7,9.3,3,0.75,10.1,"https://fbref.com/en/players/315fe681/Massamba-Ndiaye"
2024,"Crystal Palace","Premier League","Dean Henderson","ENG","GK","26",1997,18,30,1,0,3,1,27.4,0.31,-1.6,-0.09,59,245,24.1,377,52,46.7,38.6,105,65.7,47,246,5,2,17,0.94,13.8,"https://fbref.com/en/players/e5a76dfe/Dean-Henderson"
2024,"Crystal Palace","Premier League","Sam Johnstone","ENG","GK","30",1993,20,27,2,0,4,1,20,0.27,-6,-0.3,117,355,33,453,63,55,41.2,141,75.2,52.8,339,24,7.1,12,0.6,11.2,"https://fbref.com/en/players/9e5708be/Sam-Johnstone"
2024,"Crystal Palace","Premier League","Remi Matthews","ENG","GK","29",1994,0,1,0,0,0,0,0.1,0.15,-0.9,-19.2,0,5,0,4,0,100,53.8,1,100,63,1,1,100,0,0,3.5,"https://fbref.com/en/players/27f4f772/Remi-Matthews"
2024,"Cádiz","La Liga","David Gil","ESP","GK","29",1994,4.1,8,0,0,0,1,5.3,0.26,-1.7,-0.4,51,125,40.8,104,8,76.9,49.3,48,93.8,63.5,91,7,7.7,0,0,7,"https://fbref.com/en/players/fea23125/David-Gil"
2024,"Cádiz","La Liga","Jeremías Ledesma","ARG","GK","30",1993,33.9,47,2,0,6,0,46.4,0.3,-0.6,-0.02,313,785,39.9,897,115,60.4,44,284,85.6,62.1,526,53,10.1,45,1.33,12.9,"https://fbref.com/en/players/6c4776b1/Jeremias-Ledesma"
2024,"Darmstadt 98","Bundesliga","Alexander Brunst","GER","GK","28",1995,3,10,0,0,2,0,6.3,0.37,-3.7,-1.25,33,72,45.8,129,13,41.1,36,21,90.5,59.6,51,3,5.9,9,3,19.1,"https://fbref.com/en/players/99219195/Alexander-Brunst"
2024,"Darmstadt 98","Bundesliga","Marcel Schuhen","GER","GK","30",1993,31,76,1,2,7,2,68,0.34,-6,-0.19,245,618,39.6,1204,182,36.3,34.8,289,62.6,48.5,453,24,5.3,51,1.65,16.5,"https://fbref.com/en/players/5fa2e0cf/Marcel-Schuhen"
2024,"Dortmund","Bundesliga","Gregor Kobel","SUI","GK","25",1997,26.3,34,5,0,9,1,36.8,0.28,3.8,0.14,106,268,39.6,1006,106,19.6,28.1,165,43,38.5,359,7,1.9,17,0.65,12.5,"https://fbref.com/en/players/cd59b9df/Gregor-Kobel"
2024,"Dortmund","Bundesliga","Alexander Meyer","GER","GK","32",1991,7.7,9,0,0,0,1,7.8,0.3,-0.2,-0.03,27,81,33.3,334,29,20.1,28.3,31,45.2,42.1,107,8,7.5,7,0.91,14.5,"https://fbref.com/en/players/b56dd813/Alexander-Meyer"
2024,"Eint Frankfurt","Bundesliga","Jens Grahl","GER","GK","34",1988,2,2,0,0,0,0,1.4,0.15,-0.6,-0.31,4,29,13.8,77,15,31.2,34.4,15,33.3,37.9,33,4,12.1,4,2,15.7,"https://fbref.com/en/players/f26dee6b/Jens-Grahl"
2024,"Eint Frankfurt","Bundesliga","Kevin Trapp","GER","GK","33",1990,32,48,9,0,4,0,48.3,0.28,0.3,0.01,102,361,28.3,949,137,28.9,29.8,212,41,36.2,452,16,3.5,30,0.94,15.2,"https://fbref.com/en/players/ce17b5eb/Kevin-Trapp"
2024,"Empoli","Serie A","Etrit Berisha","ALB","GK","34",1989,14,25,2,0,5,1,20.7,0.24,-3.3,-0.24,44,184,23.9,400,75,34.8,33,90,50,40.8,236,11,4.7,10,0.71,12.4,"https://fbref.com/en/players/ee833569/Etrit-Berisha"
2024,"Empoli","Serie A","Elia Caprile","ITA","GK","21",2001,23,27,4,0,5,0,27.6,0.22,0.6,0.02,117,350,33.4,657,137,40.3,36.8,159,53.5,45.1,391,31,7.9,20,0.87,13.3,"https://fbref.com/en/players/97d7afbd/Elia-Caprile"
2024,"Empoli","Serie A","Samuele Perisan","ITA","GK","25",1997,1,2,0,0,0,0,0.7,0.14,-1.3,-1.32,1,8,12.5,22,8,27.3,26.3,12,16.7,29.6,18,0,0,1,1,21,"https://fbref.com/en/players/00a17eba/Samuele-Perisan"
2024,"Everton","Premier League","Jordan Pickford","ENG","GK","29",1994,38,51,8,0,9,3,52.4,0.28,4.4,0.12,360,901,40,1297,141,56.7,41.6,273,60.8,48.3,570,30,5.3,54,1.42,15.9,"https://fbref.com/en/players/4806ec67/Jordan-Pickford"
2024,"Fiorentina","Serie A","Oliver Christensen","DEN","GK","24",1999,4,9,2,0,0,0,4.7,0.15,-4.3,-1.08,23,61,37.7,170,15,31.8,31,20,35,33.7,32,1,3.1,9,2.25,19.5,"https://fbref.com/en/players/af104654/Oliver-Christensen"
2024,"Fiorentina","Serie A","Tommaso Martinelli","ITA","GK","17",2006,1,2,0,NA,NA,NA,NA,NA,NA,NA,NA,NA,NA,NA,NA,NA,NA,NA,NA,NA,NA,NA,NA,NA,NA,NA,"https://fbref.com/en/players/968ddd14/Tommaso-Martinelli"
2024,"Fiorentina","Serie A","Pietro Terracciano","ITA","GK","33",1990,33,35,6,3,5,0,40.2,0.27,5.2,0.16,164,382,42.9,1051,120,29,32.1,176,43.8,38.2,307,7,2.3,23,0.7,14.6,"https://fbref.com/en/players/e1b0a70d/Pietro-Terracciano"
2024,"Freiburg","Bundesliga","Noah Atubolu","GER","GK","21",2002,34,58,3,1,5,1,50,0.3,-7,-0.21,193,568,34,1148,160,35.4,34.2,241,67.2,50.7,485,31,6.4,30,0.88,13.6,"https://fbref.com/en/players/dbd1b101/Noah-Atubolu"
2024,"Frosinone","Serie A","Michele Cerofolini","ITA","GK","24",1999,7.5,11,0,0,1,1,5.9,0.22,-4.1,-0.55,18,100,18,171,28,47.4,37.2,38,50,42.8,126,4,3.2,7,0.93,14.3,"https://fbref.com/en/players/efdeaff3/Michele-Cerofolini"
2024,"Frosinone","Serie A","Stefano Turati","ITA","GK","21",2001,30.5,58,5,0,10,1,47.5,0.28,-9.5,-0.31,72,316,22.8,919,147,27.3,29.2,144,45.1,38.8,412,18,4.4,19,0.62,13.7,"https://fbref.com/en/players/bf168004/Stefano-Turati"
2024,"Fulham","Premier League","Bernd Leno","GER","GK","31",1992,38,61,8,2,3,4,55.7,0.26,-1.3,-0.03,144,439,32.8,1372,167,23.7,28.5,201,56.7,44.7,472,19,4,40,1.05,14.2,"https://fbref.com/en/players/2628fd2b/Bernd-Leno"
2024,"Genoa","Serie A","Nicola Leali","ITA","GK","30",1993,2,2,0,0,0,0,2.8,0.31,0.8,0.4,18,48,37.5,62,3,69.4,44.7,10,50,40.6,27,2,7.4,1,0.51,15.2,"https://fbref.com/en/players/5f9970a0/Nicola-Leali"
2024,"Genoa","Serie A","Josep Martinez","ESP","GK","25",1998,36,43,3,1,4,1,38.9,0.28,-3.1,-0.09,227,583,38.9,1253,107,37.4,35.9,171,66.7,49.4,580,45,7.8,40,1.11,12.2,"https://fbref.com/en/players/11d8aff0/Josep-Martinez"
2024,"Genoa","Serie A","Daniele Sommariva","ITA","GK","26",1997,0.1,0,0,0,0,0,0,NA,0,0,0,3,0,2,0,100,54.5,1,100,76,2,1,50,0,0,15,"https://fbref.com/en/players/a8e7f7e9/Daniele-Sommariva"
2024,"Getafe","La Liga","Daniel Fuzato","BRA","GK","26",1997,0.1,2,0,0,1,0,1.3,0.63,-0.7,-9.63,2,7,28.6,6,1,50,39.2,4,100,71.8,5,1,20,0,0,10.7,"https://fbref.com/en/players/82328faf/Daniel-Fuzato"
2024,"Getafe","La Liga","David Soria","ESP","GK","30",1993,37.9,52,5,0,6,0,53.9,0.29,1.9,0.05,339,908,37.3,979,123,66.2,45.8,310,83.9,57.3,458,17,3.7,62,1.63,17.3,"https://fbref.com/en/players/8f8c6934/David-Soria"
2024,"Girona","La Liga","Paulo Gazzaniga","ARG","GK","31",1992,38,46,5,0,8,0,51.1,0.28,5.1,0.13,155,420,36.9,1140,178,25.6,30,246,52,44.8,534,41,7.7,33,0.87,13.2,"https://fbref.com/en/players/63d17038/Paulo-Gazzaniga"
2024,"Gladbach","Bundesliga","Moritz Nicolas","GER","GK","25",1997,27,49,4,0,6,0,45.1,0.26,-3.9,-0.14,112,315,35.6,888,140,26,29.7,161,52.2,42.5,460,21,4.6,22,0.81,13.2,"https://fbref.com/en/players/226ddf9d/Moritz-Nicolas"
2024,"Gladbach","Bundesliga","Jonas Omlin","SUI","GK","29",1994,7,18,2,0,1,0,13.3,0.24,-4.7,-0.67,32,90,35.6,242,37,30.2,32.3,34,50,41.8,78,7,9,12,1.71,15.3,"https://fbref.com/en/players/c631f952/Jonas-Omlin"
2024,"Granada","La Liga","Augusto Batalla","ARG","GK","27",1996,17,28,0,0,6,0,22.6,0.27,-5.4,-0.32,127,354,35.9,566,78,45.8,39.4,122,77.9,55.9,275,23,8.4,18,1.06,14.2,"https://fbref.com/en/players/fc627681/Augusto-Batalla"
2024,"Granada","La Liga","Raúl Fernández","ESP","GK","35",1988,3.1,11,0,0,1,1,7.8,0.46,-2.2,-0.71,14,47,29.8,88,10,37.5,35.7,17,82.4,62.1,36,4,11.1,11,3.54,17.3,"https://fbref.com/en/players/6fb59070/Raul-Fernandez"
2024,"Granada","La Liga","André Ferreira","POR","GK","27",1996,14.9,29,3,0,2,1,27.8,0.33,-0.2,-0.01,73,186,39.2,388,88,31.4,32.2,110,58.2,44.3,195,6,3.1,13,0.87,12.6,"https://fbref.com/en/players/12c6cbef/Andre-Ferreira"
2024,"Granada","La Liga","Marc Martínez","ESP","GK","33",1990,3,11,2,0,3,0,12.1,0.46,1.1,0.37,17,39,43.6,74,9,33.8,33.3,24,58.3,46.3,30,0,0,10,3.33,23,"https://fbref.com/en/players/3496ff67/Marc-Martinez"
2024,"Heidenheim","Bundesliga","Kevin Müller","GER","GK","32",1991,34,55,7,0,7,3,53.6,0.27,1.6,0.05,249,595,41.8,1164,167,35.2,35.9,316,58.5,46.1,495,24,4.8,17,0.5,13.2,"https://fbref.com/en/players/f256f213/Kevin-Muller"
2024,"Hellas Verona","Serie A","Lorenzo Montipò","ITA","GK","27",1996,37,49,2,0,6,1,40.7,0.26,-7.3,-0.2,323,763,42.3,960,109,54.5,41.1,305,78.7,56.4,487,22,4.5,43,1.16,15.3,"https://fbref.com/en/players/c1d95617/Lorenzo-Montipo"
2024,"Hellas Verona","Serie A","Simone Perilli","ITA","GK","28",1995,1,2,0,0,0,0,2.7,0.29,0.7,0.75,8,28,28.6,32,2,75,49.5,5,80,62,5,0,0,2,2,18,"https://fbref.com/en/players/b9e11c1d/Simone-Perilli"
2024,"Hoffenheim","Bundesliga","Oliver Baumann","GER","GK","33",1990,34,66,2,3,9,1,68.6,0.31,3.6,0.11,208,529,39.3,1159,165,33.7,32.7,249,55.4,44.9,545,31,5.7,73,2.15,16.7,"https://fbref.com/en/players/47064058/Oliver-Baumann"
2024,"Inter","Serie A","Emil Audero","ITA","GK","26",1997,3.7,3,0,0,0,0,3.1,0.28,0.1,0.02,6,24,25,177,28,11.9,24.6,18,16.7,27.2,54,6,11.1,2,0.53,10.2,"https://fbref.com/en/players/649b01d8/Emil-Audero"
2024,"Inter","Serie A","Raffaele Di Gennaro","ITA","GK","29",1993,0.3,0,0,0,0,0,0.5,0.13,0.5,2.08,1,2,50,15,3,13.3,25.2,1,0,10,4,0,0,0,0,NA,"https://fbref.com/en/players/7a4050d5/Raffaele-Di-Gennaro"
2024,"Inter","Serie A","Yann Sommer","SUI","GK","34",1988,34,19,2,0,3,0,25.5,0.23,6.5,0.19,104,226,46,1033,120,17.4,26.1,201,22.9,27.9,395,18,4.6,14,0.41,12.1,"https://fbref.com/en/players/420c18a1/Yann-Sommer"
2024,"Juventus","Serie A","Mattia Perin","ITA","GK","30",1992,2.5,1,0,0,0,0,1.2,0.25,0.2,0.1,5,15,33.3,54,9,25.9,29.4,12,8.3,19.5,29,2,6.9,3,1.2,16.7,"https://fbref.com/en/players/4c62d0c8/Mattia-Perin"
2024,"Juventus","Serie A","Carlo Pinsoglio","ITA","GK","33",1990,0.5,0,0,0,0,0,0.5,0.18,0.5,1.06,2,5,40,21,1,23.8,31.4,0,NA,NA,17,0,0,0,0,5,"https://fbref.com/en/players/f6a06749/Carlo-Pinsoglio"
2024,"Juventus","Serie A","Wojciech Szczęsny","POL","GK","33",1990,35,30,2,0,4,2,28.3,0.24,0.3,0.01,147,340,43.2,828,134,32,32.8,174,43.1,40.2,555,26,4.7,20,0.57,11.6,"https://fbref.com/en/players/01b8a2b2/Wojciech-Szczesny"
2024,"Köln","Bundesliga","Marvin Schwäbe","GER","GK","28",1995,34,60,3,0,10,0,62,0.36,2,0.06,135,372,36.3,1148,101,28.4,31.4,149,30.9,34.3,504,14,2.8,21,0.62,13.4,"https://fbref.com/en/players/87436846/Marvin-Schwabe"
2024,"Las Palmas","La Liga","Aarón Escandell","ESP","GK","27",1995,1.7,3,0,0,0,0,2.5,0.62,-0.5,-0.3,9,26,34.6,73,10,27.4,30.4,12,50,41.3,24,1,4.2,4,2.35,18,"https://fbref.com/en/players/67669ce7/Aaron-Escandell"
2024,"Las Palmas","La Liga","Álvaro Vallés","ESP","GK","26",1997,36.3,44,5,0,5,3,48.7,0.28,7.7,0.21,137,447,30.6,1762,194,21.7,27.3,151,42.4,39.1,521,29,5.6,96,2.65,17.8,"https://fbref.com/en/players/0166a73e/Alvaro-Valles"
2024,"Lazio","Serie A","Christos Mandas","GRE","GK","21",2001,8,6,0,0,2,0,7,0.25,1,0.12,38,114,33.3,240,29,42.5,37.7,29,41.4,37.9,99,6,6.1,5,0.62,13.1,"https://fbref.com/en/players/f794e9ab/Christos-Mandas"
2024,"Lazio","Serie A","Ivan Provedel","ITA","GK","29",1994,30,33,2,0,1,0,31.3,0.24,-1.7,-0.06,101,252,40.1,841,103,22.6,30.8,176,35.2,37,377,15,4,18,0.6,13,"https://fbref.com/en/players/277da414/Ivan-Provedel"
2024,"Le Havre","Ligue 1","Arthur Desmas","FRA","GK","29",1994,33,43,1,0,5,2,47,0.3,6,0.18,155,454,34.1,719,135,46.9,37.1,222,52.7,39.1,470,32,6.8,24,0.73,12.5,"https://fbref.com/en/players/e8c5dd4d/Arthur-Desmas"
2024,"Le Havre","Ligue 1","Mathieu Gorgelin","FRA","GK","32",1990,1,2,1,0,0,0,2.9,0.39,0.9,0.92,3,9,33.3,17,0,47.1,33.1,2,50,32.5,12,0,0,1,1,14.5,"https://fbref.com/en/players/4d3e9033/Mathieu-Gorgelin"
2024,"Lecce","Serie A","Wladimiro Falcone","ITA","GK","28",1995,38,54,5,1,7,1,53.2,0.28,0.2,0.01,152,489,31.1,893,159,42.6,34.9,248,44,35.2,522,20,3.8,20,0.53,11,"https://fbref.com/en/players/9f5a610b/Wladimiro-Falcone"
2024,"Lens","Ligue 1","Jean-Louis Leca","FRA","GK","37",1985,1,2,0,0,0,0,1,0.49,-1,-1.03,1,10,10,22,5,31.8,29,4,75,60.5,8,0,0,0,0,9.8,"https://fbref.com/en/players/edbe46dc/Jean-Louis-Leca"
2024,"Lens","Ligue 1","Brice Samba","FRA","GK","29",1994,33,35,6,0,6,1,42.3,0.27,8.3,0.25,163,369,44.2,948,143,31.8,31.5,170,40,33.5,388,32,8.2,39,1.18,14.8,"https://fbref.com/en/players/60d90c55/Brice-Samba"
2024,"Leverkusen","Bundesliga","Lukáš Hrádecký","FIN","GK","33",1989,33,24,0,0,4,0,27.5,0.27,3.5,0.11,71,202,35.1,736,165,20.8,27.6,145,33.8,34.5,313,27,8.6,39,1.18,16.5,"https://fbref.com/en/players/ad3389d5/Lukas-Hradecky"
2024,"Leverkusen","Bundesliga","Matej Kovar","CZE","GK","23",2000,1,0,0,0,0,0,0.4,0.15,0.4,0.44,0,0,NA,17,6,0,22.1,0,NA,NA,3,1,33.3,1,1,15,"https://fbref.com/en/players/bc67a0e1/Matej-Kovar"
2024,"Lille","Ligue 1","Lucas Chevalier","FRA","GK","21",2001,33,32,3,0,2,2,35.7,0.26,5.7,0.17,101,344,29.4,1059,121,26.5,29.6,123,51.2,44.5,388,25,6.4,28,0.85,12.7,"https://fbref.com/en/players/b3d76d84/Lucas-Chevalier"
2024,"Lille","Ligue 1","Vito Mannone","ITA","GK","35",1988,1,2,0,0,0,0,1.7,0.35,-0.3,-0.26,5,16,31.3,37,1,40.5,35.9,1,100,61,11,2,18.2,4,3.96,15,"https://fbref.com/en/players/c4173f1a/Vito-Mannone"
2024,"Liverpool","Premier League","Alisson","BRA","GK","30",1992,28,30,1,0,4,1,28.7,0.26,-0.3,-0.01,60,183,32.8,1021,140,14.1,24.7,116,33.6,33.3,299,13,4.3,33,1.18,17.7,"https://fbref.com/en/players/7a2e46a8/Alisson"
2024,"Liverpool","Premier League","Caoimhín Kelleher","IRL","GK","24",1998,10,11,0,0,3,1,11.3,0.3,1.3,0.13,32,102,31.4,411,52,22.4,27.3,28,35.7,34.9,77,5,6.5,13,1.3,17,"https://fbref.com/en/players/62d7ef38/Caoimhin-Kelleher"
2024,"Lorient","Ligue 1","Yvon Mvogo","SUI","GK","29",1994,34,66,8,1,8,1,63.1,0.27,-1.9,-0.06,139,378,36.8,921,162,29.1,31.4,228,48.2,38.8,591,24,4.1,13,0.38,8.9,"https://fbref.com/en/players/dc29b608/Yvon-Mvogo"
2024,"Luton Town","Premier League","Thomas Kaminski","BEL","GK","30",1992,37.8,85,4,0,13,4,77.6,0.34,-3.4,-0.09,271,808,33.5,1121,150,52,39.5,341,66,47.5,558,16,2.9,76,2.01,20.5,"https://fbref.com/en/players/1caa93a5/Thomas-Kaminski"
2024,"Luton Town","Premier League","James Shea","ENG","GK","32",1991,0.2,0,0,0,0,0,0.1,0.06,0.1,0.75,3,6,50,6,1,83.3,50.8,3,33.3,37.3,3,0,0,1,6,19,"https://fbref.com/en/players/ee7c0a5e/James-Shea"
2024,"Lyon","Ligue 1","Anthony Lopes","POR","GK","32",1990,31,49,4,1,7,1,43.5,0.25,-4.5,-0.15,132,362,36.5,839,156,34.1,32.4,196,38.8,34.1,438,36,8.2,28,0.9,12.4,"https://fbref.com/en/players/f00de885/Anthony-Lopes"
2024,"Lyon","Ligue 1","Rémy Riou","FRA","GK","35",1987,3,6,0,1,0,0,4.7,0.33,-1.3,-0.44,5,24,20.8,81,13,16,26.1,23,47.8,39,32,3,9.4,3,1,13.4,"https://fbref.com/en/players/7f41ee30/Remy-Riou"
2024,"Mainz 05","Bundesliga","Daniel Batz","GER","GK","32",1991,4,3,0,1,0,0,2.4,0.15,-0.6,-0.15,18,58,31,132,14,38.6,34.7,21,33.3,34.8,38,4,10.5,2,0.5,11.3,"https://fbref.com/en/players/ec759ba1/Daniel-Batz"
2024,"Mainz 05","Bundesliga","Robin Zentner","GER","GK","28",1994,30,48,3,1,2,1,49.2,0.37,2.2,0.07,180,512,35.2,862,146,47.3,38.5,177,58.8,46.4,393,42,10.7,48,1.6,16,"https://fbref.com/en/players/5c4bf6ba/Robin-Zentner"
2024,"Mallorca","La Liga","Iván Cuéllar","ESP","GK","39",1984,1,1,0,0,0,0,1.2,0.19,0.2,0.17,1,11,9.1,32,8,31.3,33,3,33.3,35.7,6,1,16.7,0,0,7,"https://fbref.com/en/players/75751c99/Ivan-Cuellar"
2024,"Mallorca","La Liga","Dominik Greif","SVK","GK","26",1997,1,0,0,0,0,0,0.7,0.16,0.7,0.66,10,18,55.6,23,3,52.2,42,9,66.7,54.2,12,0,0,1,1,23,"https://fbref.com/en/players/30061f53/Dominik-Greif"
2024,"Mallorca","La Liga","Predrag Rajković","SRB","GK","27",1995,36,43,4,1,4,1,41.8,0.27,-0.2,-0.01,322,795,40.5,946,117,60.9,44.7,300,73,54.3,502,33,6.6,28,0.78,13.7,"https://fbref.com/en/players/58ad9383/Predrag-Rajkovic"
2024,"Manchester City","Premier League","Ederson","BRA","GK","29",1993,30.9,27,3,0,2,1,27.2,0.3,1.2,0.04,114,246,46.3,1120,137,18.3,27.2,114,36,36.3,247,25,10.1,50,1.62,17.3,"https://fbref.com/en/players/3bb7b8b4/Ederson"
2024,"Manchester City","Premier League","Stefan Ortega","GER","GK","30",1992,7.1,7,0,0,1,0,9,0.33,2,0.28,28,68,41.2,247,24,24.7,27.9,19,36.8,34.4,65,6,9.2,13,1.84,16.8,"https://fbref.com/en/players/c1242d4e/Stefan-Ortega"
2024,"Manchester Utd","Premier League","André Onana","CMR","GK","27",1996,38,58,7,1,11,1,59.2,0.27,2.2,0.06,149,513,29,1351,140,31,31.2,162,58,44.6,601,40,6.7,37,0.97,13.1,"https://fbref.com/en/players/e9c0c1b2/Andre-Onana"
2024,"Marseille","Ligue 1","Rubén Blanco","ESP","GK","28",1995,1.3,2,0,0,0,0,1.3,0.21,-0.7,-0.55,5,12,41.7,41,6,26.8,28.4,10,10,27,24,4,16.7,1,0.74,10.4,"https://fbref.com/en/players/967f34d3/Ruben-Blanco"
2024,"Marseille","Ligue 1","Pau López","ESP","GK","28",1994,32.7,39,3,1,7,1,32.6,0.24,-5.4,-0.17,93,325,28.6,1044,113,24.8,29.4,149,44.3,37.3,406,15,3.7,25,0.77,13.9,"https://fbref.com/en/players/20b9f052/Pau-Lopez"
2024,"Metz","Ligue 1","Guillaume Dietsch","FRA","GK","22",2001,0.8,1,0,0,0,0,0.8,0.31,-0.2,-0.21,6,16,37.5,19,3,47.4,36.4,7,100,63,14,1,7.1,0,0,3,"https://fbref.com/en/players/e11a39aa/Guillaume-Dietsch"
2024,"Metz","Ligue 1","Alexandre Oukidja","ALG","GK","35",1988,33.2,57,6,1,7,0,52.3,0.26,-4.7,-0.14,209,666,31.4,708,125,57.3,42.4,292,89,59,569,46,8.1,22,0.66,10.3,"https://fbref.com/en/players/ae7d0ecd/Alexandre-Oukidja"
2024,"Milan","Serie A","Mike Maignan","FRA","GK","28",1995,29,34,7,2,3,0,29.8,0.19,-4.2,-0.14,119,284,41.9,1070,188,21.1,28.2,147,39.5,38,339,37,10.9,36,1.24,15.2,"https://fbref.com/en/players/fcb38f57/Mike-Maignan"
2024,"Milan","Serie A","Antonio Mirante","ITA","GK","40",1983,2,3,0,0,1,0,3.1,0.41,0.1,0.05,5,14,35.7,46,5,26.1,29.2,8,25,29.4,17,1,5.9,1,0.51,11.9,"https://fbref.com/en/players/30223b33/Antonio-Mirante"
2024,"Milan","Serie A","Lapo Nava","ITA","GK","19",2004,0,1,0,0,0,0,0.9,0.5,-0.1,-2.83,1,1,100,1,0,100,43,0,NA,NA,0,0,NA,0,0,NA,"https://fbref.com/en/players/c0f732e1/Lapo-Nava"
2024,"Milan","Serie A","Marco Sportiello","ITA","GK","31",1992,7,11,1,0,0,1,8.9,0.25,-1.1,-0.15,20,51,39.2,230,40,20.4,26.9,17,23.5,29.1,81,5,6.2,9,1.29,15.4,"https://fbref.com/en/players/ac4003af/Marco-Sportiello"
2024,"Monaco","Ligue 1","Philipp Köhn","SUI","GK","25",1998,22,32,5,1,6,1,32,0.27,1,0.05,82,249,32.9,536,91,32.5,32.1,130,57.7,43.5,282,22,7.8,19,0.86,11.3,"https://fbref.com/en/players/ff74841d/Philipp-Kohn"
2024,"Monaco","Ligue 1","Radosław Majecki","POL","GK","23",1999,12,10,0,0,0,1,14.7,0.29,5.7,0.47,39,121,32.2,296,68,31.1,32,80,36.3,33.4,160,13,8.1,7,0.58,11,"https://fbref.com/en/players/20de219a/Radoslaw-Majecki"
2024,"Montpellier","Ligue 1","Dimitry Bertaud","COD","GK","25",1998,4,11,0,0,1,0,10.9,0.32,-0.1,-0.02,18,61,29.5,118,26,42.4,38,23,47.8,42.5,56,3,5.4,0,0,9.6,"https://fbref.com/en/players/380a15e2/Dimitry-Bertaud"
2024,"Montpellier","Ligue 1","Benjamin Lecomte","FRA","GK","32",1991,30,37,4,2,3,3,36.8,0.24,2.8,0.09,150,436,34.4,781,137,44.2,36.6,221,41.2,36.4,471,29,6.2,13,0.43,9.5,"https://fbref.com/en/players/2fa2a875/Benjamin-Lecomte"
2024,"Monza","Serie A","Michele Di Gregorio","ITA","GK","26",1997,31.9,35,3,1,5,0,45.4,0.26,10.4,0.33,179,430,41.6,1126,201,27.8,30.6,223,52.5,44.2,469,19,4.1,18,0.56,11.5,"https://fbref.com/en/players/4e0c8d66/Michele-Di-Gregorio"
2024,"Monza","Serie A","Alessandro Sorrentino","ITA","GK","21",2002,6.1,16,4,0,1,0,14.4,0.34,-1.6,-0.27,18,56,32.1,151,29,26.5,30.6,42,38.1,36.1,62,3,4.8,3,0.49,16.8,"https://fbref.com/en/players/8ef2452a/Alessandro-Sorrentino"
2024,"Nantes","Ligue 1","Rémy Descamps","FRA","GK","27",1996,6,11,1,0,0,0,12.5,0.35,1.5,0.26,51,125,40.8,141,28,51.1,40.3,71,74.6,49.8,116,8,6.9,0,0,7.8,"https://fbref.com/en/players/477e50ce/Remy-Descamps"
2024,"Nantes","Ligue 1","Alban Lafont","FRA","GK","24",1999,27.7,43,8,0,2,0,42.4,0.31,-0.6,-0.02,123,388,31.7,839,145,34.2,34,166,60.8,46.9,385,33,8.6,33,1.19,13,"https://fbref.com/en/players/4e7db402/Alban-Lafont"
2024,"Nantes","Ligue 1","Denis Petrić","SRB","GK","35",1988,0.3,1,0,0,1,0,0.3,0.28,-0.7,-2.71,1,2,50,7,2,28.6,30.7,0,NA,NA,4,0,0,0,0,NA,"https://fbref.com/en/players/dab1b8dc/Denis-Petric"
2024,"Napoli","Serie A","Nikita Contini Baranovsky","ITA","GK","27",1996,0.2,0,0,0,0,0,0,NA,0,0,0,0,NA,3,1,0,17,1,0,15,1,0,0,3,15.88,37,"https://fbref.com/en/players/e95069bb/Nikita-Contini-Baranovsky"
2024,"Napoli","Serie A","Pierluigi Gollini","ITA","GK","28",1995,7,8,0,0,1,0,8.2,0.34,0.2,0.02,27,68,39.7,213,28,22.1,29.5,53,39.6,36.3,82,5,6.1,9,1.29,16.2,"https://fbref.com/en/players/f0f7f62f/Pierluigi-Gollini"
2024,"Napoli","Serie A","Alex Meret","ITA","GK","26",1997,30.8,40,2,1,5,0,38,0.33,-2,-0.07,56,174,32.2,774,120,18.5,27.9,137,22.6,29.5,334,9,2.7,29,0.94,15.4,"https://fbref.com/en/players/9413b19f/Alex-Meret"
2024,"Newcastle Utd","Premier League","Martin Dúbravka","SVK","GK","34",1989,22.1,42,4,0,5,0,42.5,0.29,0.5,0.02,56,165,33.9,480,143,15.6,25.4,169,53.3,39.1,296,20,6.8,22,1,12.9,"https://fbref.com/en/players/3a949a25/Martin-Dubravka"
2024,"Newcastle Utd","Premier League","Loris Karius","GER","GK","30",1993,1,4,0,0,1,1,2,0.29,-1,-0.99,3,18,16.7,27,5,48.1,36.3,9,55.6,41.8,10,1,10,3,3,19.5,"https://fbref.com/en/players/32e7ce92/Loris-Karius"
2024,"Newcastle Utd","Premier League","Nick Pope","ENG","GK","31",1992,14.9,16,0,1,2,0,16.8,0.3,0.8,0.05,41,118,34.7,304,88,21.1,28.6,95,56.8,43.8,143,9,6.3,28,1.87,19,"https://fbref.com/en/players/4b40d9ca/Nick-Pope"
2024,"Nice","Ligue 1","Marcin Bułka","POL","GK","23",1999,34,29,5,0,1,1,30.7,0.22,2.7,0.08,74,189,39.2,1086,158,14.4,23.9,147,22.4,25.5,376,32,8.5,21,0.62,12.2,"https://fbref.com/en/players/db87a2c4/Marcin-Bulka"
2024,"Nott'ham Forest","Premier League","Matz Sels","BEL","GK","31",1992,16,27,1,0,9,2,17.2,0.27,-7.8,-0.49,75,179,41.9,283,51,45.9,36.6,93,52.7,41.4,223,11,4.9,4,0.25,9.4,"https://fbref.com/en/players/834b5c4c/Matz-Sels"
2024,"Nott'ham Forest","Premier League","Matt Turner","USA","GK","29",1994,17,28,2,1,4,0,22.1,0.26,-5.9,-0.35,126,280,45,436,99,42.7,35.7,136,69.1,47,296,30,10.1,18,1.06,13.3,"https://fbref.com/en/players/4a51ba65/Matt-Turner"
2024,"Nott'ham Forest","Premier League","Odisseas Vlachodimos","GRE","GK","29",1994,5,12,1,0,2,0,7.9,0.31,-4.1,-0.83,28,60,46.7,130,21,25.4,29.6,44,61.4,44.3,92,3,3.3,2,0.4,10.3,"https://fbref.com/en/players/03df04ff/Odisseas-Vlachodimos"
2024,"Osasuna","La Liga","Aitor Fernández","ESP","GK","32",1991,6.1,9,1,0,2,0,6.1,0.26,-2.9,-0.47,47,113,41.6,174,19,56.3,42.5,22,68.2,49.7,69,1,1.4,15,2.45,24.8,"https://fbref.com/en/players/a01c3d54/Aitor-Fernandez"
2024,"Osasuna","La Liga","Sergio Herrera","ESP","GK","30",1993,31.9,47,0,0,6,0,45.6,0.34,-1.4,-0.04,282,658,42.9,961,100,52,40.4,222,71.2,51.2,468,29,6.2,43,1.35,16.4,"https://fbref.com/en/players/a4995f48/Sergio-Herrera"
2024,"Paris S-G","Ligue 1","Gianluigi Donnarumma","ITA","GK","24",1999,24.1,20,3,0,2,0,30.3,0.25,10.3,0.43,36,94,38.3,641,113,11.4,24.2,131,16,23,294,15,5.1,23,0.95,13.2,"https://fbref.com/en/players/08f5afaa/Gianluigi-Donnarumma"
2024,"Paris S-G","Ligue 1","Keylor Navas","CRC","GK","36",1986,4,6,1,0,0,0,4.7,0.31,-1.3,-0.33,4,9,44.4,80,12,10,23.5,18,5.6,22.2,37,0,0,5,1.25,16.3,"https://fbref.com/en/players/ecada4fc/Keylor-Navas"
2024,"Paris S-G","Ligue 1","Arnau Tenas","ESP","GK","22",2001,5.9,7,0,0,2,0,6,0.24,-1,-0.17,14,46,30.4,174,19,23,29.6,37,16.2,27.1,71,2,2.8,5,0.85,14.8,"https://fbref.com/en/players/30670b0e/Arnau-Tenas"
2024,"RB Leipzig","Bundesliga","Janis Blaswich","GER","GK","32",1991,21,30,4,0,7,0,25.3,0.28,-4.7,-0.22,57,155,36.8,822,89,14.7,25.7,134,25.4,30.7,251,16,6.4,37,1.76,17.6,"https://fbref.com/en/players/663e080e/Janis-Blaswich"
2024,"RB Leipzig","Bundesliga","Péter Gulácsi","HUN","GK","33",1990,13,9,0,1,1,1,10.3,0.25,2.3,0.17,22,79,27.8,373,58,12.9,25.1,97,32,32.2,175,7,4,14,1.08,14.5,"https://fbref.com/en/players/bcb2ccd8/Peter-Gulacsi"
2024,"Rayo Vallecano","La Liga","Cárdenas","ESP","GK","26",1997,1,1,0,0,0,0,0.9,0.93,-0.1,-0.07,2,15,13.3,36,5,36.1,36.3,4,50,53.5,5,0,0,2,2,17,"https://fbref.com/en/players/e1846dde/Cardenas"
2024,"Rayo Vallecano","La Liga","Stole Dimitrievski","MKD","GK","29",1993,37,47,1,1,5,2,46.9,0.31,1.9,0.05,168,598,28.1,928,171,47.1,39.4,267,60.3,48.4,529,23,4.3,38,1.03,14.6,"https://fbref.com/en/players/fc70e345/Stole-Dimitrievski"
2024,"Real Madrid","La Liga","Kepa Arrizabalaga","ESP","GK","28",1994,13.3,9,0,0,0,1,10,0.28,2,0.15,34,92,37,386,57,19.2,27,70,25.7,30.6,157,6,3.8,10,0.75,14.7,"https://fbref.com/en/players/28d596a0/Kepa-Arrizabalaga"
2024,"Real Madrid","La Liga","Thibaut Courtois","BEL","GK","31",1992,3.7,0,0,0,0,0,3.1,0.22,3.1,0.85,10,19,52.6,105,25,16.2,26.7,18,11.1,27.8,47,2,4.3,5,1.36,15.3,"https://fbref.com/en/players/1840e36d/Thibaut-Courtois"
2024,"Real Madrid","La Liga","Andriy Lunin","UKR","GK","24",1999,21,17,1,0,2,0,21.2,0.31,4.2,0.2,35,99,35.4,548,95,13.7,25.2,116,20.7,28.7,283,27,9.5,23,1.1,12.2,"https://fbref.com/en/players/3061e1ec/Andriy-Lunin"
2024,"Real Sociedad","La Liga","Unai Marrero","ESP","GK","21",2001,1.6,3,1,0,0,0,2.9,0.37,-0.1,-0.09,10,25,40,37,5,45.9,37,8,100,63.4,27,1,3.7,4,2.54,20.1,"https://fbref.com/en/players/f0fe87dc/Unai-Marrero"
2024,"Real Sociedad","La Liga","Álex Remiro","ESP","GK","28",1995,36.4,36,5,0,5,1,37.9,0.26,2.9,0.08,182,440,41.4,1090,111,30.6,32,163,65.6,50.9,383,18,4.7,54,1.48,16.9,"https://fbref.com/en/players/374ee424/Alex-Remiro"
2024,"Reims","Ligue 1","Yehvann Diouf","FRA","GK","23",1999,34,47,6,1,4,1,42.7,0.27,-3.3,-0.1,124,353,35.1,1135,179,25.2,30.1,157,42.7,36.9,522,38,7.3,46,1.35,14.2,"https://fbref.com/en/players/eedea60b/Yehvann-Diouf"
2024,"Rennes","Ligue 1","Steve Mandanda","FRA","GK","38",1985,34,46,3,0,5,3,38.2,0.25,-4.8,-0.14,134,416,32.2,1017,149,29.9,31.5,192,58.3,43.1,451,36,8,37,1.09,15.1,"https://fbref.com/en/players/1d2d5cc8/Steve-Mandanda"
2024,"Roma","Serie A","Rui Patrício","POR","GK","35",1988,23,27,2,0,2,2,23.4,0.29,-1.6,-0.07,90,211,42.7,492,86,31.5,31,137,40.9,34.9,309,16,5.2,8,0.35,11.7,"https://fbref.com/en/players/79b0d6a0/Rui-Patricio"
2024,"Roma","Serie A","Mile Svilar","SRB","GK","23",1999,15,19,1,0,3,1,20.2,0.24,2.2,0.14,44,116,37.9,516,77,15.9,25.3,89,38.2,36.2,208,16,7.7,7,0.47,12,"https://fbref.com/en/players/bcf5058a/Mile-Svilar"
2024,"Salernitana","Serie A","Benoît Costil","FRA","GK","36",1987,13,29,3,0,2,1,23.6,0.32,-4.4,-0.34,71,228,31.1,323,45,48,37,104,70.2,51.1,212,2,0.9,19,1.46,18.2,"https://fbref.com/en/players/2434f24a/Benoit-Costil"
2024,"Salernitana","Serie A","Vincenzo Fiorillo","ITA","GK","33",1990,4,8,0,0,4,0,7.3,0.28,-0.7,-0.18,27,96,28.1,72,9,68.1,44.9,54,87,56.6,77,4,5.2,1,0.25,7.6,"https://fbref.com/en/players/a2565f79/Vincenzo-Fiorillo"
2024,"Salernitana","Serie A","Guillermo Ochoa","MEX","GK","38",1985,21,44,7,0,3,1,37.2,0.27,-5.8,-0.28,85,323,26.3,479,73,46.3,37.5,171,59.1,44.4,342,9,2.6,11,0.52,13.6,"https://fbref.com/en/players/1e9bde92/Guillermo-Ochoa"
2024,"Sassuolo","Serie A","Andrea Consigli","ITA","GK","36",1987,35,68,7,1,7,3,51.7,0.28,-13.3,-0.38,172,540,31.9,982,143,42.3,36.9,252,49.6,41.2,545,23,4.2,22,0.63,11.8,"https://fbref.com/en/players/8cabdc1e/Andrea-Consigli"
2024,"Sassuolo","Serie A","Alessio Cragno","ITA","GK","29",1994,3,7,1,1,1,1,5.1,0.3,-0.9,-0.28,17,45,37.8,78,11,50,37.8,22,27.3,30.5,37,3,8.1,8,2.67,18.6,"https://fbref.com/en/players/f554e29b/Alessio-Cragno"
2024,"Sevilla","La Liga","Yassine Bounou","MAR","GK","32",1991,1,2,0,0,0,0,1.1,0.37,-0.9,-0.88,6,16,37.5,24,4,41.7,36.1,7,85.7,57.4,9,0,0,0,0,NA,"https://fbref.com/en/players/f6798fc3/Yassine-Bounou"
2024,"Sevilla","La Liga","Marko Dmitrović","SRB","GK","31",1992,13,25,2,0,3,1,22.6,0.3,-1.4,-0.11,52,148,35.1,314,70,32.5,32.7,79,58.2,45.9,152,11,7.2,15,1.15,15.4,"https://fbref.com/en/players/ac295d9e/Marko-Dmitrovic"
2024,"Sevilla","La Liga","Ørjan Nyland","NOR","GK","32",1990,24,27,3,1,1,1,29.8,0.26,3.8,0.16,166,449,37,583,108,49.9,39.4,201,78.6,56.4,359,20,5.6,17,0.71,13.5,"https://fbref.com/en/players/bdedffac/Orjan-Nyland"
2024,"Sheffield Utd","Premier League","Wes Foderingham","ENG","GK","32",1991,29.4,79,5,0,8,5,70.5,0.33,-3.5,-0.12,206,619,33.3,782,101,54.6,40.2,262,73.3,52.3,468,28,6,42,1.43,14.7,"https://fbref.com/en/players/96cf7b61/Wes-Foderingham"
2024,"Sheffield Utd","Premier League","Ivo Grbić","CRO","GK","27",1996,8.6,25,0,0,4,2,14.7,0.25,-8.3,-0.97,65,199,32.7,207,25,57.5,41.2,89,89.9,59.4,193,11,5.7,14,1.63,14.4,"https://fbref.com/en/players/3f034750/Ivo-Grbic"
2024,"Strasbourg","Ligue 1","Alaa Bellaarouch","MAR","GK","21",2002,15,26,3,0,1,1,19.8,0.25,-5.2,-0.35,56,183,30.6,440,57,36.4,34.4,61,37.7,36,203,19,9.4,21,1.4,13.4,"https://fbref.com/en/players/0595569d/Alaa-Bellaarouch"
2024,"Strasbourg","Ligue 1","Matz Sels","BEL","GK","31",1992,19,24,1,0,2,2,20,0.31,-2,-0.11,88,226,38.9,505,68,37.4,34.5,113,32.7,33.7,257,6,2.3,19,1,13.9,"https://fbref.com/en/players/834b5c4c/Matz-Sels"
2024,"Stuttgart","Bundesliga","Fabian Bredlow","GER","GK","28",1995,4,3,0,0,1,0,5,0.23,2,0.49,22,61,36.1,168,15,31.5,31,11,72.7,51.7,55,1,1.8,5,1.25,16.6,"https://fbref.com/en/players/d28339cb/Fabian-Bredlow"
2024,"Stuttgart","Bundesliga","Alexander Nübel","GER","GK","26",1996,30,36,3,0,5,3,30.8,0.27,-2.2,-0.07,126,291,43.3,1103,132,23.1,28.7,112,32.1,32.7,341,30,8.8,57,1.9,17.3,"https://fbref.com/en/players/afb0c500/Alexander-Nubel"
2024,"Torino","Serie A","Luca Gemello","ITA","GK","23",2000,2,5,1,0,0,0,3.6,0.31,-1.4,-0.72,10,29,34.5,104,8,26.9,31.1,12,8.3,19.7,24,3,12.5,3,1.5,12,"https://fbref.com/en/players/53e494ec/Luca-Gemello"
2024,"Torino","Serie A","Vanja Milinković-Savić","SRB","GK","26",1997,36,31,6,0,4,0,33.8,0.21,2.8,0.08,264,783,33.7,1288,171,44.8,38.3,239,86.2,66.6,407,38,9.3,37,1.03,13.6,"https://fbref.com/en/players/9fa26bc2/Vanja-Milinkovic-Savic"
2024,"Tottenham","Premier League","Guglielmo Vicario","ITA","GK","26",1996,38,61,7,1,8,3,60,0.32,2,0.05,53,225,23.6,1363,193,14.3,24,201,14.9,22.2,511,33,6.5,81,2.13,17.1,"https://fbref.com/en/players/77d6fd4d/Guglielmo-Vicario"
2024,"Toulouse","Ligue 1","Guillaume Restes","FRA","GK","18",2005,34,46,4,2,6,0,45.3,0.3,-0.7,-0.02,92,285,32.3,702,93,27.4,29.3,193,48.2,38.9,490,7,1.4,16,0.47,10.7,"https://fbref.com/en/players/6b91b999/Guillaume-Restes"
2024,"Udinese","Serie A","Maduka Okoye","NGA","GK","23",1999,21,25,3,2,3,1,23.9,0.24,-0.1,0,99,263,37.6,286,45,55.9,41.7,161,64,49,365,7,1.9,2,0.1,8.7,"https://fbref.com/en/players/ab5c36dd/Maduka-Okoye"
2024,"Udinese","Serie A","Marco Silvestri","ITA","GK","32",1991,17,28,6,0,2,0,25.7,0.29,-2.3,-0.14,57,168,33.9,345,68,33.6,32.3,105,49.5,42.1,282,5,1.8,7,0.41,13.1,"https://fbref.com/en/players/0d422df7/Marco-Silvestri"
2024,"Union Berlin","Bundesliga","Frederik Rønnow","DEN","GK","30",1992,33,56,5,2,7,1,51.7,0.28,-3.3,-0.1,198,525,37.7,1096,174,35.2,33.6,218,63.8,47.4,539,54,10,37,1.12,12.9,"https://fbref.com/en/players/a70b8345/Frederik-Ronnow"
2024,"Union Berlin","Bundesliga","Alexander Schwolow","GER","GK","31",1992,1,2,0,0,0,0,1.2,0.2,-0.8,-0.81,4,10,40,28,4,32.1,34.1,8,12.5,28.4,13,0,0,0,0,5,"https://fbref.com/en/players/0d55d942/Alexander-Schwolow"
2024,"Valencia","La Liga","Cristian","ESP","GK","25",1998,0.6,1,0,0,1,0,0.5,0.17,-0.5,-0.75,2,5,40,15,4,26.7,29.1,3,33.3,32.7,12,0,0,0,0,8.3,"https://fbref.com/en/players/9ad74b4d/Cristian"
2024,"Valencia","La Liga","Jaume Doménech","ESP","GK","32",1990,0.9,3,0,1,2,0,1.7,0.14,-1.3,-1.52,4,20,20,24,2,62.5,40.5,7,71.4,51.4,19,1,5.3,1,1.14,11.4,"https://fbref.com/en/players/c9cb972b/Jaume-Domenech"
2024,"Valencia","La Liga","Giorgi Mamardashvili","GEO","GK","22",2000,36.5,41,3,0,4,2,49.2,0.31,10.2,0.28,185,671,27.6,864,142,57.3,41.4,245,71.8,53.4,530,45,8.5,31,0.85,12.3,"https://fbref.com/en/players/d4b73232/Giorgi-Mamardashvili"
2024,"Villarreal","La Liga","Filip Jørgensen","DEN","GK","21",2002,36,63,6,1,9,1,59.8,0.27,-2.2,-0.06,144,360,40,1055,178,24.5,29.7,245,41.6,37.8,650,34,5.2,36,1,13.4,"https://fbref.com/en/players/0107757e/Filip-Jorgensen"
2024,"Villarreal","La Liga","Pepe Reina","ESP","GK","40",1982,2,2,0,0,0,0,1.9,0.21,-0.1,-0.05,6,18,33.3,58,12,24.1,30.2,11,36.4,38.8,38,1,2.6,0,0,5.3,"https://fbref.com/en/players/e358587b/Pepe-Reina"
2024,"Werder Bremen","Bundesliga","Jiří Pavlenka","CZE","GK","31",1992,7,17,2,0,1,0,13.1,0.3,-3.9,-0.56,31,85,36.5,177,37,37.9,34.2,69,26.1,32.5,109,7,6.4,9,1.29,14.4,"https://fbref.com/en/players/0a1cb833/Jiri-Pavlenka"
2024,"Werder Bremen","Bundesliga","Michael Zetterer","GER","GK","28",1995,27,37,4,0,4,1,41,0.3,5,0.18,145,330,43.9,977,161,28.5,32.7,144,36.1,38.1,407,34,8.4,30,1.11,14.6,"https://fbref.com/en/players/9b688ae1/Michael-Zetterer"
2024,"West Ham","Premier League","Alphonse Areola","FRA","GK","30",1993,30,53,5,0,3,3,52.1,0.24,2.1,0.07,160,430,37.2,643,144,43.9,36.8,219,67.6,47.3,468,27,5.8,7,0.23,8.9,"https://fbref.com/en/players/2f965a72/Alphonse-Areola"
2024,"West Ham","Premier League","Łukasz Fabiański","POL","GK","38",1985,8,21,3,0,3,1,19.8,0.33,-0.2,-0.02,50,123,40.7,182,44,50,39,56,57.1,45.1,114,8,7,1,0.12,7.6,"https://fbref.com/en/players/9328b835/Lukasz-Fabianski"
2024,"Wolfsburg","Bundesliga","Koen Casteels","BEL","GK","31",1992,25,39,2,0,2,2,36.4,0.3,-0.6,-0.03,161,390,41.3,786,118,36.3,35,161,65.2,48.4,335,25,7.5,38,1.52,15.7,"https://fbref.com/en/players/db401046/Koen-Casteels"
2024,"Wolfsburg","Bundesliga","Pavao Pervan","AUT","GK","35",1987,9,17,0,2,2,1,11.5,0.32,-4.5,-0.51,40,104,38.5,263,39,33.5,32.8,37,43.2,39.6,127,1,0.8,3,0.33,12.1,"https://fbref.com/en/players/c89e8aae/Pavao-Pervan"
2024,"Wolves","Premier League","Daniel Bentley","ENG","GK","30",1993,4.3,7,0,0,0,0,5.8,0.39,-1.2,-0.28,13,56,23.2,111,9,36,33.8,33,48.5,36.9,50,0,0,3,0.7,13.3,"https://fbref.com/en/players/68db6358/Daniel-Bentley"
2024,"Wolves","Premier League","José Sá","POR","GK","30",1993,33.7,58,8,1,7,1,65.9,0.31,8.9,0.26,87,424,20.5,841,190,33.3,33,253,56.9,42.6,522,45,8.6,28,0.83,12.6,"https://fbref.com/en/players/903b6e8b/Jose-Sa"
